id,title,agency,case_group,declared_location,declared_date,title_places,body_places,flags,severity
dow-001-18-100754-general-1946-7-vol-2,18_100754_ General 1946-7_Vol_2,DoW,other,N/A,12/30/47,,Germany; Spain; Mexico; California; New Mexico; Washington (state); North America,"DECLARED_NA_BUT_BODY_HAS_PLACES: Germany, Spain, Mexico, California, New Mexico",LOW
dow-002-18-6369445-general-1948-vol-1,18_6369445_General_1948_Vol_1,DoW,other,N/A,6/15/48,,Pacific Ocean; Canada; Wright-Patterson AFB; Texas; California; Florida; New York; Washington (state),"DECLARED_NA_BUT_BODY_HAS_PLACES: Canada, Wright-Patterson AFB, Texas, California, Florida",LOW
dow-003-331-120752-numeric-files-1944-1945-37153-german-armament-equ,331_120752_Numeric_Files_1944–1945_37153_German_Armament_Equipment_Documents,DoW,other,Germany,3/18/45,,Germany; California,,
dow-004-341-110448-records-relating-to-the-collection-and-disseminat,341_110448_Records_Relating_to_the_Collection_and_Dissemination_of_Intelligence_1948-1955-TS_CONT_No.2_2-5300-2-5399,DoW,other,Netherlands,11/8/48,,Netherlands; Washington (state),"TITLE_DATE_VS_DECLARED_DATE: title year=1955, declared=11/8/48",HIGH
dow-005-341-110677-numerical-file-5-2500,"341_110677_Numerical_File,_5-2500",DoW,other,Azerbaijan,10/14/55,,Azerbaijan,,
dow-006-342-hs1-416511228-319-1-flying-discs-1949,342_HS1-416511228_319.1 Flying Discs 1949,DoW,other,N/A,1/9/50,,Oman; Pacific Ocean; Japan; China; Canada; Wright-Patterson AFB; Texas; California,"DECLARED_NA_BUT_BODY_HAS_PLACES: Oman, Japan, China, Canada, Wright-Patterson AFB",LOW
dow-007-38-143685-box-incident-summaries-101-172,38_143685_box_Incident_Summaries_101-172,DoW,DoW/Incident-Summaries-143685,N/A,N/A,,United Arab Emirates; Jordan; Turkey; Pacific Ocean; Atlantic Ocean; United Kingdom; Norway; Sweden,"DECLARED_NA_BUT_BODY_HAS_PLACES: United Arab Emirates, Jordan, Turkey, United Kingdom, Norway",LOW
dow-008-38-143685-box-incident-summaries-173-233,38_143685_box_Incident_Summaries_173-233,DoW,DoW/Incident-Summaries-143685,N/A,N/A,,Germany; Mexico; Wright-Patterson AFB; Andrews AFB; Texas; Arizona; New Mexico; Florida,"DECLARED_NA_BUT_BODY_HAS_PLACES: Germany, Mexico, Wright-Patterson AFB, Andrews AFB, Texas",LOW
dow-009-38-143685-box7-incident-summaries-1-100,38_143685_box7_Incident_Summaries_1-100,DoW,DoW/Incident-Summaries-143685,N/A,N/A,,Pacific Ocean; Atlantic Ocean; Germany; Finland; Texas; California; Arizona; Nevada,"DECLARED_NA_BUT_BODY_HAS_PLACES: Germany, Finland, Texas, California, Arizona",LOW
dow-010-dow-uap-d10-mission-report-middle-east-may-2022,"DOW-UAP-D10, Mission Report, Middle East, May 2022",DoW,DOW/D-series,Iraq,5/6/22,Middle East,Iraq; Middle East,"TITLE_BODY_DISAGREES_WITH_DECLARED: title/body=Middle East, declared=Iraq",HIGH
dow-011-dow-uap-d12-mission-report-iraq-may-2022,"DOW-UAP-D12, Mission Report, Iraq, May 2022",DoW,DOW/D-series,Iraq,5/20/22,Iraq,Iraq,,
dow-012-dow-uap-d14-mission-report-iraq-may-2022,"DOW-UAP-D14, Mission Report, Iraq, May 2022",DoW,DOW/D-series,Syria,5/29/22,Iraq,Iraq; Syria; Israel; Lebanon; Mediterranean Sea; New Mexico; Florida,"TITLE_BODY_DISAGREES_WITH_DECLARED: title/body=Iraq, declared=Syria",HIGH
dow-013-dow-uap-d16-mission-report-syria-july-2022,"DOW-UAP-D16, Mission Report, Syria, July 2022",DoW,DOW/D-series,Syria,7/31/22,Syria,Syria; Arizona; Florida,,
dow-014-dow-uap-d18-mission-report-iraq-december-2022,"DOW-UAP-D18, Mission Report, Iraq, December 2022",DoW,DOW/D-series,Iraq,12/1/22,Iraq,Iraq,,
dow-015-dow-uap-d19-mission-report-syria-february-21-2023,"DOW-UAP-D19, Mission Report, Syria, February 21, 2023",DoW,DOW/D-series,Syria,2/21/23,Syria,Syria; Turkey; Florida,,
dow-016-dow-uap-d20-mission-report-iraq-2023,"DOW-UAP-D20, Mission Report, Iraq, 2023",DoW,DOW/D-series,Iraq,3/31/23,Iraq,Iraq,,
dow-017-dow-uap-d23-mission-report-united-arab-emirates-october-2023,"DOW-UAP-D23, Mission Report, United Arab Emirates, October 2023",DoW,DOW/D-series,Persian Gulf,10/31/23,United Arab Emirates,United Arab Emirates; Persian Gulf,"TITLE_BODY_DISAGREES_WITH_DECLARED: title/body=United Arab Emirates, declared=Persian Gulf",HIGH
dow-018-dow-uap-d23-mission-report-united-arab-emirates-october-2023,"DOW-UAP-D23, Mission Report, United Arab Emirates, October 2023",DoW,DOW/D-series,Persian Gulf,10/31/23,United Arab Emirates,United Arab Emirates; Persian Gulf,"TITLE_BODY_DISAGREES_WITH_DECLARED: title/body=United Arab Emirates, declared=Persian Gulf",HIGH
dow-019-dow-uap-d25-mission-report-greece-january-2024,"DOW-UAP-D25, Mission Report, Greece, January 2024",DoW,DOW/D-series,Mediterranean Sea,1/25/24,Greece,Mediterranean Sea; Greece; CENTCOM,"TITLE_BODY_DISAGREES_WITH_DECLARED: title/body=Greece, declared=Mediterranean Sea",HIGH
dow-020-dow-uap-d27-mission-report-united-arab-emirates-october-2023,"DOW-UAP-D27, Mission Report, United Arab Emirates, October 2023",DoW,DOW/D-series,Gulf of Oman,6/7/24,United Arab Emirates,Oman; United Arab Emirates; Gulf of Oman; CENTCOM,"TITLE_BODY_DISAGREES_WITH_DECLARED: title/body=United Arab Emirates, declared=Oman",HIGH
dow-021-dow-uap-d28-mission-report-iraq-september-2024,"DOW-UAP-D28, Mission Report, Iraq, September 2024",DoW,DOW/D-series,Iraq,9/20/24,Iraq,Iraq; China; CENTCOM,,
dow-022-dow-uap-d3-mission-report-arabian-gulf-2020,"DOW-UAP-D3, Mission Report, Arabian Gulf, 2020",DoW,DOW/D-series,N/A,N/A,Arabian Gulf,Arabian Gulf,TITLE_HAS_PLACE_DECLARED_NA: Arabian Gulf | DECLARED_NA_BUT_BODY_HAS_PLACES: Arabian Gulf | DECLARED_DATE_NA_TITLE_HAS_YEAR: title year=2020,MEDIUM
dow-023-dow-uap-d32-mission-report-syria-october-2024,"DOW-UAP-D32, Mission Report, Syria, October 2024",DoW,DOW/D-series,Syria,10/20/24,Syria,Syria,,
dow-024-dow-uap-d32-mission-report-syria-october-2024,"DOW-UAP-D32, Mission Report, Syria, October 2024",DoW,DOW/D-series,Syria,10/20/24,Syria,Syria,,
dow-025-dow-uap-d32-mission-report-syria-october-2024,"DOW-UAP-D32, Mission Report, Syria, October 2024",DoW,DOW/D-series,Syria,10/20/24,Syria,Syria,,
dow-026-dow-uap-d33-mission-report-greece-october-2023,"DOW-UAP-D33, Mission Report, Greece, October 2023",DoW,DOW/D-series,Aegean Sea,10/27/23,Greece,Aegean Sea; Greece,"TITLE_BODY_DISAGREES_WITH_DECLARED: title/body=Greece, declared=Aegean Sea",HIGH
dow-027-dow-uap-d35-mission-report-greece-october-2023,"DOW-UAP-D35, Mission Report, Greece, October 2023",DoW,DOW/D-series,Aegean Sea,10/29/23,Greece,Aegean Sea; Greece,"TITLE_BODY_DISAGREES_WITH_DECLARED: title/body=Greece, declared=Aegean Sea",HIGH
dow-028-dow-uap-d38-range-fouler-debrief-middle-east-may-2020,"DOW-UAP-D38, Range Fouler Debrief, Middle East, May 2020",DoW,DOW/D-series,Persian Gulf,5/14/20,Middle East,Persian Gulf; Middle East,"TITLE_BODY_DISAGREES_WITH_DECLARED: title/body=Middle East, declared=Persian Gulf",HIGH
dow-029-dow-uap-d4-mission-report-arabian-gulf-2020,"DOW-UAP-D4, Mission Report, Arabian Gulf, 2020",DoW,DOW/D-series,N/A,N/A,Arabian Gulf,Arabian Gulf,TITLE_HAS_PLACE_DECLARED_NA: Arabian Gulf | DECLARED_NA_BUT_BODY_HAS_PLACES: Arabian Gulf | DECLARED_DATE_NA_TITLE_HAS_YEAR: title year=2020,MEDIUM
dow-030-dow-uap-d42-range-fouler-debrief-japan-2023,"DOW-UAP-D42, Range Fouler Debrief, Japan, 2023",DoW,DOW/D-series,Arabian Gulf,8/31/20,Japan,Arabian Gulf; Japan; Florida,"TITLE_BODY_DISAGREES_WITH_DECLARED: title/body=Japan, declared=Arabian Gulf | TITLE_DATE_VS_DECLARED_DATE: title year=2023, declared=8/31/20",HIGH
dow-031-dow-uap-d44-range-fouler-reporting-form-gulf-of-aden-october,"DOW-UAP-D44, Range Fouler Reporting Form, Gulf of Aden, October 2020",DoW,DOW/D-series,Arabian Sea,10/15/20,Gulf of Aden,Gulf of Aden; Arabian Sea,"TITLE_BODY_DISAGREES_WITH_DECLARED: title/body=Gulf of Aden, declared=Arabian Sea",HIGH
dow-032-dow-uap-d48-department-of-the-air-force-report-1996,"DOW-UAP-D48, Department of the Air Force Report, 1996",DoW,DOW/D-series,N/A,9/10/96,,Atlantic Ocean; Japan; Vandenberg AFB; California; New Mexico; Florida; Washington (state); Moon,"DECLARED_NA_BUT_BODY_HAS_PLACES: Japan, Vandenberg AFB, California, New Mexico, Florida",LOW
dow-033-dow-uap-d49-launch-summary-vandenberg-afb-2000,"DOW-UAP-D49, Launch Summary, Vandenberg AFB, 2000",DoW,DOW/D-series,N/A,2/3/00,Vandenberg AFB,United Kingdom; Korea; Georgia (country); Vandenberg AFB; Edwards AFB; California; Florida; Moon,"TITLE_HAS_PLACE_DECLARED_NA: Vandenberg AFB | DECLARED_NA_BUT_BODY_HAS_PLACES: United Kingdom, Korea, Georgia (country), Vandenberg AFB, Edwards AFB",MEDIUM
dow-034-dow-uap-d5-mission-report-arabian-gulf-2020,"DOW-UAP-D5, Mission Report, Arabian Gulf, 2020",DoW,DOW/D-series,Mediterranean Sea,N/A,Arabian Gulf,Arabian Gulf; Mediterranean Sea,"TITLE_BODY_DISAGREES_WITH_DECLARED: title/body=Arabian Gulf, declared=Mediterranean Sea | DECLARED_DATE_NA_TITLE_HAS_YEAR: title year=2020",HIGH
dow-035-dow-uap-d50-email-correspondence-indopacom-april-2025,"DOW-UAP-D50, Email Correspondence, INDOPACOM, April 2025",DoW,DOW/D-series,N/A,4/10/2025-4/11/2025,Indo-PACOM,Indo-PACOM,TITLE_HAS_PLACE_DECLARED_NA: Indo-PACOM,MEDIUM
dow-036-dow-uap-d51-email-correspondence-pacific-time-zone-march-202,"DOW-UAP-D51, Email Correspondence, Pacific Time Zone, March 2023",DoW,DOW/D-series,Pacific Time Zone,3/23/26,Pacific Ocean,Pacific Ocean,"TITLE_DATE_VS_DECLARED_DATE: title year=2023, declared=3/23/26",HIGH
dow-037-dow-uap-d52-email-correspondance-na-august-2024,"DOW-UAP-D52, Email Correspondance, NA, August 2024",DoW,DOW/D-series,N/A,10/31/24,,,,
dow-038-dow-uap-d54-mission-report-mediterranean-sea-na,"DOW-UAP-D54, Mission Report, Mediterranean Sea, NA",DoW,DOW/D-series,Mediterranean Sea,N/A,Mediterranean Sea,Mediterranean Sea,,
dow-039-dow-uap-d55-mission-report-syria-november-2016,"DOW-UAP-D55, Mission Report, Syria, November 2016",DoW,DOW/D-series,Syria,11/18/16,Syria,Syria; Mediterranean Sea; New Mexico,,
dow-040-dow-uap-d56-range-fouler-debrief-arabian-sea-august-2020,"DOW-UAP-D56, Range Fouler Debrief, Arabian Sea, August 2020",DoW,DOW/D-series,Arabian Sea,8/24/20,Arabian Sea,Arabian Sea,,
dow-041-dow-uap-d57-range-fouler-reporting-form-gulf-of-aden-septemb,"DOW-UAP-D57, Range Fouler Reporting Form, Gulf of Aden, September 2020",DoW,DOW/D-series,Gulf of Aden,9/4/20,Gulf of Aden,Gulf of Aden; New Mexico,,
dow-042-dow-uap-d58-range-fouler-debrief-na-october-2020,"DOW-UAP-D58, Range Fouler Debrief, NA, October 2020",DoW,DOW/D-series,N/A,10/27/20,,,,
dow-043-dow-uap-d6-mission-report-arabian-gulf-2020,"DOW-UAP-D6, Mission Report, Arabian Gulf, 2020",DoW,DOW/D-series,Pacific Ocean,N/A,Arabian Gulf,Arabian Gulf; Pacific Ocean,"TITLE_BODY_DISAGREES_WITH_DECLARED: title/body=Arabian Gulf, declared=Pacific Ocean | DECLARED_DATE_NA_TITLE_HAS_YEAR: title year=2020",HIGH
dow-044-dow-uap-d60-mission-report-persian-gulf-august-2020,"DOW-UAP-D60, Mission Report, Persian Gulf, August 2020",DoW,DOW/D-series,Persian Gulf,8/8/20,Persian Gulf,Oman; Persian Gulf; Arabian Gulf; Strait of Hormuz; Gulf of Oman; Florida,,
dow-045-dow-uap-d61-mission-report-persian-gulf-august-2020,"DOW-UAP-D61, Mission Report, Persian Gulf, August 2020",DoW,DOW/D-series,Persian Gulf,8/27/20,Persian Gulf,Oman; Persian Gulf; Arabian Gulf; Strait of Hormuz; Gulf of Oman,,
dow-046-dow-uap-d62-mission-report-strait-of-hormuz-september-2020,"DOW-UAP-D62, Mission Report, Strait of Hormuz, September 2020",DoW,DOW/D-series,Strait of Hormuz,9/16/20,Strait of Hormuz,Oman; Arabian Gulf; Strait of Hormuz; Gulf of Oman; Florida,,
dow-047-dow-uap-d63-mission-report-strait-of-hormuz-october-2020,"DOW-UAP-D63, Mission Report, Strait of Hormuz, October 2020",DoW,DOW/D-series,Strait of Hormuz,10/1/20,Strait of Hormuz,Oman; Arabian Gulf; Strait of Hormuz; Gulf of Oman; Florida,,
dow-048-dow-uap-d64-mission-report-iran-november-2020,"DOW-UAP-D64, Mission Report, Iran, November 2020",DoW,DOW/D-series,Iran,11/2/20,Iran,Iran; Oman; Arabian Gulf; Strait of Hormuz; Gulf of Oman; Florida,,
dow-049-dow-uap-d65-mission-report-persian-gulf-july-2020,"DOW-UAP-D65, Mission Report, Persian Gulf, July 2020",DoW,DOW/D-series,Persian Gulf,7/16/20,Persian Gulf,Oman; Persian Gulf; Arabian Gulf; Strait of Hormuz; Gulf of Oman; Florida,,
dow-050-dow-uap-d7-mission-report-arabian-gulf-2020,"DOW-UAP-D7, Mission Report, Arabian Gulf, 2020",DoW,DOW/D-series,N/A,N/A,Arabian Gulf,Arabian Gulf,TITLE_HAS_PLACE_DECLARED_NA: Arabian Gulf | DECLARED_NA_BUT_BODY_HAS_PLACES: Arabian Gulf | DECLARED_DATE_NA_TITLE_HAS_YEAR: title year=2020,MEDIUM
dow-051-dow-uap-d74-mission-report-syria-november-2023,"DOW-UAP-D74, Mission Report, Syria, November 2023",DoW,DOW/D-series,Syria,11/9/23,Syria,Syria; CENTCOM,,
dow-052-dow-uap-d75-mission-report-gulf-of-aden-july-2024,"DOW-UAP-D75, Mission Report, Gulf of Aden, July 2024",DoW,DOW/D-series,Gulf of Aden,7/14/24,Gulf of Aden,Gulf of Aden,,
dow-053-dow-uap-d8-mission-report-djibouti-2025,"DOW-UAP-D8, Mission Report, Djibouti, 2025",DoW,DOW/D-series,Mediterranean Sea,N/A,Djibouti,Djibouti; Mediterranean Sea,"TITLE_BODY_DISAGREES_WITH_DECLARED: title/body=Djibouti, declared=Mediterranean Sea | DECLARED_DATE_NA_TITLE_HAS_YEAR: title year=2025",HIGH
dow-054-dow-uap-pr19-unresolved-uap-report-middle-east-may-2022,"DOW-UAP-PR19, Unresolved UAP Report, Middle East, May 2022",DoW,DOW/PR-series,Middle East,N/A,Middle East,Middle East,DECLARED_DATE_NA_TITLE_HAS_YEAR: title year=2022,LOW
dow-055-dow-uap-pr20-unresolved-uap-report-kuwait-may-2022,"DOW-UAP-PR20, Unresolved UAP Report, Kuwait, May 2022",DoW,DOW/PR-series,Iraq,N/A,Kuwait,Iraq; Kuwait,"TITLE_BODY_DISAGREES_WITH_DECLARED: title/body=Kuwait, declared=Iraq | DECLARED_DATE_NA_TITLE_HAS_YEAR: title year=2022",HIGH
dow-056-dow-uap-pr21-unresolved-uap-report-iraq-may-2022,"DOW-UAP-PR21, Unresolved UAP Report, Iraq, May 2022",DoW,DOW/PR-series,Iraq,N/A,Iraq,Iraq,DECLARED_DATE_NA_TITLE_HAS_YEAR: title year=2022,LOW
dow-057-dow-uap-pr22-unresolved-uap-report-syria-july-2022,"DOW-UAP-PR22, Unresolved UAP Report, Syria, July 2022",DoW,DOW/PR-series,Syria,N/A,Syria,Syria,DECLARED_DATE_NA_TITLE_HAS_YEAR: title year=2022,LOW
dow-058-dow-uap-pr23-unresolved-uap-report-iraq-december-2022,"DOW-UAP-PR23, Unresolved UAP Report, Iraq, December 2022",DoW,DOW/PR-series,Iraq,N/A,Iraq,Iraq,DECLARED_DATE_NA_TITLE_HAS_YEAR: title year=2022,LOW
dow-059-dow-uap-pr26-unresolved-uap-report-united-arab-emirates-octo,"DOW-UAP-PR26, Unresolved UAP Report, United Arab Emirates, October 2023",DoW,DOW/PR-series,United Arab Emirates,N/A,United Arab Emirates,United Arab Emirates,DECLARED_DATE_NA_TITLE_HAS_YEAR: title year=2023,LOW
dow-060-dow-uap-pr27-unresolved-uap-report-united-arab-emirates-octo,"DOW-UAP-PR27, Unresolved UAP Report, United Arab Emirates, October 2023",DoW,DOW/PR-series,United Arab Emirates,N/A,United Arab Emirates,United Arab Emirates,DECLARED_DATE_NA_TITLE_HAS_YEAR: title year=2023,LOW
dow-061-dow-uap-pr28-unresolved-uap-report-greece-january-2024,"DOW-UAP-PR28, Unresolved UAP Report, Greece, January 2024",DoW,DOW/PR-series,Greece,N/A,Greece,Greece,DECLARED_DATE_NA_TITLE_HAS_YEAR: title year=2024,LOW
dow-062-dow-uap-pr29-unresolved-uap-report-united-arab-emirates-june,"DOW-UAP-PR29, Unresolved UAP Report, United Arab Emirates, June 2024",DoW,DOW/PR-series,Gulf of Oman,N/A,United Arab Emirates,Oman; United Arab Emirates; Gulf of Oman,"TITLE_BODY_DISAGREES_WITH_DECLARED: title/body=United Arab Emirates, declared=Oman | DECLARED_DATE_NA_TITLE_HAS_YEAR: title year=2024",HIGH
dow-063-dow-uap-pr31-unresolved-uap-report-syria-october-2024,"DOW-UAP-PR31, Unresolved UAP Report, Syria, October 2024",DoW,DOW/PR-series,Syria,N/A,Syria,Syria,DECLARED_DATE_NA_TITLE_HAS_YEAR: title year=2024,LOW
dow-064-dow-uap-pr32-unresolved-uap-report-syria-october-2024,"DOW-UAP-PR32, Unresolved UAP Report, Syria, October 2024",DoW,DOW/PR-series,Syria,N/A,Syria,Syria,DECLARED_DATE_NA_TITLE_HAS_YEAR: title year=2024,LOW
dow-065-dow-uap-pr33-unresolved-uap-report-syria-october-2024,"DOW-UAP-PR33, Unresolved UAP Report, Syria, October 2024",DoW,DOW/PR-series,Syria,N/A,Syria,Syria,DECLARED_DATE_NA_TITLE_HAS_YEAR: title year=2024,LOW
dow-066-dow-uap-pr34-unresolved-uap-report-greece-october-2023,"DOW-UAP-PR34, Unresolved UAP Report, Greece, October 2023",DoW,DOW/PR-series,Greece,N/A,Greece,Greece,DECLARED_DATE_NA_TITLE_HAS_YEAR: title year=2023,LOW
dow-067-dow-uap-pr35-unresolved-uap-report-greece-october-2023,"DOW-UAP-PR35, Unresolved UAP Report, Greece, October 2023",DoW,DOW/PR-series,Greece,N/A,Greece,Greece,DECLARED_DATE_NA_TITLE_HAS_YEAR: title year=2023,LOW
dow-068-dow-uap-pr36-unresolved-uap-report-middle-east-may-2020,"DOW-UAP-PR36, Unresolved UAP Report, Middle East, May 2020",DoW,DOW/PR-series,Middle East,N/A,Middle East,Middle East,DECLARED_DATE_NA_TITLE_HAS_YEAR: title year=2020,LOW
dow-069-dow-uap-pr37-unresolved-uap-report-middle-east-2020,"DOW-UAP-PR37, Unresolved UAP Report, Middle East, 2020",DoW,DOW/PR-series,Arabian Gulf,N/A,Middle East,Arabian Gulf; Middle East,"TITLE_BODY_DISAGREES_WITH_DECLARED: title/body=Middle East, declared=Arabian Gulf | DECLARED_DATE_NA_TITLE_HAS_YEAR: title year=2020",HIGH
dow-070-dow-uap-pr38-unresolved-uap-report-middle-east-2013,"DOW-UAP-PR38, Unresolved UAP Report, Middle East, 2013",DoW,DOW/PR-series,Middle East,N/A,Middle East,Middle East,DECLARED_DATE_NA_TITLE_HAS_YEAR: title year=2013,LOW
dow-071-dow-uap-pr39-unresolved-uap-report-middle-east-2020,"DOW-UAP-PR39, Unresolved UAP Report, Middle East, 2020",DoW,DOW/PR-series,Arabian Gulf,N/A,Middle East,Arabian Gulf; Middle East,"TITLE_BODY_DISAGREES_WITH_DECLARED: title/body=Middle East, declared=Arabian Gulf | DECLARED_DATE_NA_TITLE_HAS_YEAR: title year=2020",HIGH
dow-072-dow-uap-pr40-unresolved-uap-report-middle-east-2020,"DOW-UAP-PR40, Unresolved UAP Report, Middle East, 2020",DoW,DOW/PR-series,Arabian Gulf,N/A,Middle East,Arabian Gulf; Middle East,"TITLE_BODY_DISAGREES_WITH_DECLARED: title/body=Middle East, declared=Arabian Gulf | DECLARED_DATE_NA_TITLE_HAS_YEAR: title year=2020",HIGH
dow-073-dow-uap-pr41-unresolved-uap-report-middle-east-2020,"DOW-UAP-PR41, Unresolved UAP Report, Middle East, 2020",DoW,DOW/PR-series,Arabian Gulf,N/A,Middle East,Arabian Gulf; Middle East,"TITLE_BODY_DISAGREES_WITH_DECLARED: title/body=Middle East, declared=Arabian Gulf | DECLARED_DATE_NA_TITLE_HAS_YEAR: title year=2020",HIGH
dow-074-dow-uap-pr42-unresolved-uap-report-middle-east-2020,"DOW-UAP-PR42, Unresolved UAP Report, Middle East, 2020",DoW,DOW/PR-series,Arabian Gulf,N/A,Middle East,Arabian Gulf; Middle East,"TITLE_BODY_DISAGREES_WITH_DECLARED: title/body=Middle East, declared=Arabian Gulf | DECLARED_DATE_NA_TITLE_HAS_YEAR: title year=2020",HIGH
dow-075-dow-uap-pr43-unresolved-uap-report-africa-2025,"DOW-UAP-PR43, Unresolved UAP Report, Africa, 2025",DoW,DOW/PR-series,Djibouti,N/A,,Djibouti,DECLARED_DATE_NA_TITLE_HAS_YEAR: title year=2025,LOW
dow-076-dow-uap-pr44-unresolved-uap-report-middle-east-2020,"DOW-UAP-PR44, Unresolved UAP Report, Middle East, 2020",DoW,DOW/PR-series,Arabian Gulf,N/A,Middle East,Arabian Gulf; Middle East,"TITLE_BODY_DISAGREES_WITH_DECLARED: title/body=Middle East, declared=Arabian Gulf | DECLARED_DATE_NA_TITLE_HAS_YEAR: title year=2020",HIGH
dow-077-dow-uap-pr45-unresolved-uap-report-middle-east-2020,"DOW-UAP-PR45, Unresolved UAP Report, Middle East, 2020",DoW,DOW/PR-series,Southern United States,N/A,Middle East,Middle East,"TITLE_BODY_DISAGREES_WITH_DECLARED: title/body=Middle East, declared=Southern United States | DECLARED_DATE_NA_TITLE_HAS_YEAR: title year=2020",HIGH
dow-078-dow-uap-pr46-unresolved-uap-report-indopacom-2024,"DOW-UAP-PR46, Unresolved UAP Report, INDOPACOM, 2024",DoW,DOW/PR-series,East China Sea,N/A,Indo-PACOM,East China Sea; Pacific Ocean; China; Indo-PACOM,"TITLE_BODY_DISAGREES_WITH_DECLARED: title/body=Indo-PACOM, declared=East China Sea | DECLARED_DATE_NA_TITLE_HAS_YEAR: title year=2024",HIGH
dow-079-dow-uap-pr47-unresolved-uap-report-indopacom-2023,"DOW-UAP-PR47, Unresolved UAP Report, INDOPACOM, 2023",DoW,DOW/PR-series,Japan,N/A,Indo-PACOM,Pacific Ocean; Japan; Indo-PACOM,"TITLE_BODY_DISAGREES_WITH_DECLARED: title/body=Indo-PACOM, declared=Japan | DECLARED_DATE_NA_TITLE_HAS_YEAR: title year=2023",HIGH
dow-080-dow-uap-pr48-unresolved-uap-report-indopacom-2024,"DOW-UAP-PR48, Unresolved UAP Report, INDOPACOM, 2024",DoW,DOW/PR-series,Indo-PACOM,N/A,Indo-PACOM,Pacific Ocean; Indo-PACOM,DECLARED_DATE_NA_TITLE_HAS_YEAR: title year=2024,LOW
dow-081-dow-uap-pr49-unresolved-uap-report-department-of-the-army-20,"DOW-UAP-PR49, Unresolved UAP Report, Department of the Army, 2026",DoW,DOW/PR-series,North America,N/A,,North America,DECLARED_DATE_NA_TITLE_HAS_YEAR: title year=2026,LOW
dow-082-western-us-event,Western US Event,DoW,other,Western United States,2023,,,,
fbi-001-65-hs1-834228961-62-hq-83894-section-10,65_HS1-834228961_62-HQ-83894_Section_10,FBI,FBI/62-HQ-83894,N/A,N/A,,Iran; Pacific Ocean; Atlantic Ocean; Germany; Netherlands; Belgium; Italy; United Kingdom,"DECLARED_NA_BUT_BODY_HAS_PLACES: Iran, Germany, Netherlands, Belgium, Italy",LOW
fbi-002-65-hs1-834228961-62-hq-83894-section-2,65_HS1-834228961_62-HQ-83894_Section_2,FBI,FBI/62-HQ-83894,N/A,N/A,,"Lebanon; Pacific Ocean; Atlantic Ocean; United Kingdom; Sweden; Oak Ridge, TN; Detroit, MI; Utica","DECLARED_NA_BUT_BODY_HAS_PLACES: Lebanon, United Kingdom, Sweden, Oak Ridge, TN, Detroit, MI",LOW
fbi-003-65-hs1-834228961-62-hq-83894-section-3,65_HS1-834228961_62-HQ-83894_Section_3,FBI,FBI/62-HQ-83894,N/A,N/A,,"Pacific Ocean; Mexico; Oak Ridge, TN; Texas; California; Arizona; New Mexico; Florida","DECLARED_NA_BUT_BODY_HAS_PLACES: Mexico, Oak Ridge, TN, Texas, California, Arizona",LOW
fbi-004-65-hs1-834228961-62-hq-83894-section-4,65_HS1-834228961_62-HQ-83894_Section_4,FBI,FBI/62-HQ-83894,N/A,N/A,,Pacific Ocean; Germany; Spain; Italy; Sweden; Russia; China; India,"DECLARED_NA_BUT_BODY_HAS_PLACES: Germany, Spain, Italy, Sweden, Russia",LOW
fbi-005-65-hs1-834228961-62-hq-83894-section-5,65_HS1-834228961_62-HQ-83894_Section_5,FBI,FBI/62-HQ-83894,N/A,N/A,,United Arab Emirates; Baltic Sea; Germany; Italy; Sweden; Russia; Georgia (country); Mexico,"DECLARED_NA_BUT_BODY_HAS_PLACES: United Arab Emirates, Baltic Sea, Germany, Italy, Sweden",LOW
fbi-006-65-hs1-834228961-62-hq-83894-section-6,65_HS1-834228961_62-HQ-83894_Section_6,FBI,FBI/62-HQ-83894,N/A,N/A,,Pacific Ocean; Germany; Netherlands; United Kingdom; Ireland; Finland; Russia; Korea,"DECLARED_NA_BUT_BODY_HAS_PLACES: Germany, Netherlands, United Kingdom, Ireland, Finland",LOW
fbi-007-65-hs1-834228961-62-hq-83894-section-7,65_HS1-834228961_62-HQ-83894_Section_7,FBI,FBI/62-HQ-83894,N/A,N/A,,Egypt; Pacific Ocean; Atlantic Ocean; Germany; Netherlands; France; United Kingdom; Norway,"DECLARED_NA_BUT_BODY_HAS_PLACES: Egypt, Germany, Netherlands, France, United Kingdom",LOW
fbi-008-65-hs1-834228961-62-hq-83894-section-9,65_HS1-834228961_62-HQ-83894_Section_9,FBI,FBI/62-HQ-83894,N/A,N/A,,Atlantic Ocean; Germany; United Kingdom; Russia; Japan; China; Australia; Georgia (country),"DECLARED_NA_BUT_BODY_HAS_PLACES: Germany, United Kingdom, Russia, Japan, China",LOW
fbi-009-65-hs1-834228961-62-hq-83894-serial-130,65_HS1-834228961_62-HQ-83894_Serial_130,FBI,FBI/62-HQ-83894,N/A,N/A,,"Pacific Ocean; Atlantic Ocean; Germany; United Kingdom; Mexico; Oak Ridge, TN; Texas; California","DECLARED_NA_BUT_BODY_HAS_PLACES: Germany, United Kingdom, Mexico, Oak Ridge, TN, Texas",LOW
fbi-010-65-hs1-834228961-62-hq-83894-serial-153,65_HS1-834228961_62-HQ-83894_Serial_153,FBI,FBI/62-HQ-83894,N/A,N/A,,"Oak Ridge, TN; Tennessee","DECLARED_NA_BUT_BODY_HAS_PLACES: Oak Ridge, TN, Tennessee",LOW
fbi-011-65-hs1-834228961-62-hq-83894-serial-164,65_HS1-834228961_62-HQ-83894_Serial_164,FBI,FBI/62-HQ-83894,N/A,N/A,,"Oak Ridge, TN; Wright-Patterson AFB; Washington (state)","DECLARED_NA_BUT_BODY_HAS_PLACES: Oak Ridge, TN, Wright-Patterson AFB, Washington (state)",LOW
fbi-012-65-hs1-834228961-62-hq-83894-serial-220,65_HS1-834228961_62-HQ-83894_Serial_220,FBI,FBI/62-HQ-83894,N/A,N/A,,"Mexico; Oak Ridge, TN; California; New York; North America","DECLARED_NA_BUT_BODY_HAS_PLACES: Mexico, Oak Ridge, TN, California, New York",LOW
fbi-013-65-hs1-834228961-62-hq-83894-serial-403,65_HS1-834228961_62-HQ-83894_Serial_403,FBI,FBI/62-HQ-83894,N/A,N/A,,"Oak Ridge, TN; New York","DECLARED_NA_BUT_BODY_HAS_PLACES: Oak Ridge, TN, New York",LOW
fbi-014-65-hs1-834228961-62-hq-83894-serial-438,65_HS1-834228961_62-HQ-83894_Serial_438,FBI,FBI/62-HQ-83894,N/A,N/A,,"Jordan; Mexico; Oak Ridge, TN; New Mexico","DECLARED_NA_BUT_BODY_HAS_PLACES: Jordan, Mexico, Oak Ridge, TN, New Mexico",LOW
fbi-015-65-hs1-834228961-62-hq-83894-serial-449,65_HS1-834228961_62-HQ-83894_Serial_449,FBI,FBI/62-HQ-83894,N/A,N/A,,Pacific Ocean; United Kingdom; Russia; China; Vietnam; Mexico; Canada; Brazil,"DECLARED_NA_BUT_BODY_HAS_PLACES: United Kingdom, Russia, China, Vietnam, Mexico",LOW
fbi-016-65-hs1-834228961-62-hq-83894-sub-a,65_HS1-834228961_62-HQ-83894_SUB_A,FBI,FBI/62-HQ-83894,N/A,N/A,,United Arab Emirates; Baltic Sea; Pacific Ocean; Atlantic Ocean; Germany; Italy; United Kingdom; Ireland,"DECLARED_NA_BUT_BODY_HAS_PLACES: United Arab Emirates, Baltic Sea, Germany, Italy, United Kingdom",LOW
fbi-017-65-hs1-101634279-100-de-18221-serial-844,65_HS1-101634279_100-DE-18221_Serial_844,FBI,other,"Detroit, MI",4/17/58,,"Detroit, MI",,
fbi-018-65-hs1-101634279-100-de-26505,65_HS1-101634279_100-DE-26505,FBI,other,Germany,11/7/57,,"Germany; Poland; Wright-Patterson AFB; Detroit, MI; Texas; California; New York",,
fbi-019-65-hs1-834228961-62-hq-83894-section-1,65_HS1-834228961_62-HQ-83894_Section_1,FBI,FBI/62-HQ-83894,N/A,N/A,,United Arab Emirates; Pacific Ocean; Atlantic Ocean; Germany; Italy; United Kingdom; Sweden; Russia,"DECLARED_NA_BUT_BODY_HAS_PLACES: United Arab Emirates, Germany, Italy, United Kingdom, Sweden",LOW
fbi-020-65-hs1-834228961-62-hq-83894-section-8,65_HS1-834228961_62-HQ-83894_Section_8,FBI,FBI/62-HQ-83894,N/A,N/A,,Israel; Lebanon; Egypt; Pacific Ocean; Atlantic Ocean; Germany; Belgium; Spain,"DECLARED_NA_BUT_BODY_HAS_PLACES: Israel, Lebanon, Egypt, Germany, Belgium",LOW
fbi-021-fbi-photo-a1,FBI Photo A1,FBI,other,N/A,Late 2025,,,,
fbi-022-fbi-photo-a2,FBI Photo A2,FBI,other,N/A,Late 2025,,,,
fbi-023-fbi-photo-a3,FBI Photo A3,FBI,other,N/A,Late 2025,,,,
fbi-024-fbi-photo-a4,FBI Photo A4,FBI,other,N/A,Late 2025,,,,
fbi-025-fbi-photo-a5,FBI Photo A5,FBI,other,N/A,Late 2025,,,,
fbi-026-fbi-photo-a6,FBI Photo A6,FBI,other,N/A,Late 2025,,,,
fbi-027-fbi-photo-a7,FBI Photo A7,FBI,other,N/A,Late 2025,,,,
fbi-028-fbi-photo-a8,FBI Photo A8,FBI,other,N/A,Late 2025,,,,
fbi-029-fbi-photo-b1,FBI Photo B1,FBI,other,Western United States,Late 2025,,,,
fbi-030-fbi-photo-b10,FBI Photo B10,FBI,other,Western United States,Late 2025,,,,
fbi-031-fbi-photo-b11,FBI Photo B11,FBI,other,Western United States,Late 2025,,,,
fbi-032-fbi-photo-b12,FBI Photo B12,FBI,other,Western United States,Late 2025,,,,
fbi-033-fbi-photo-b13,FBI Photo B13,FBI,other,Western United States,Late 2025,,,,
fbi-034-fbi-photo-b14,FBI Photo B14,FBI,other,Western United States,Late 2025,,,,
fbi-035-fbi-photo-b15,FBI Photo B15,FBI,other,Western United States,Late 2025,,,,
fbi-036-fbi-photo-b16,FBI Photo B16,FBI,other,Western United States,Late 2025,,,,
fbi-037-fbi-photo-b17,FBI Photo B17,FBI,other,Western United States,Late 2025,,,,
fbi-038-fbi-photo-b18,FBI Photo B18,FBI,other,Western United States,Late 2025,,,,
fbi-039-fbi-photo-b19,FBI Photo B19,FBI,other,Western United States,Late 2025,,,,
fbi-040-fbi-photo-b2,FBI Photo B2,FBI,other,Western United States,Late 2025,,,,
fbi-041-fbi-photo-b20,FBI Photo B20,FBI,other,Western United States,Late 2025,,,,
fbi-042-fbi-photo-b21,FBI Photo B21,FBI,other,Western United States,Late 2025,,,,
fbi-043-fbi-photo-b22,FBI Photo B22,FBI,other,Western United States,Late 2025,,,,
fbi-044-fbi-photo-b23,FBI Photo B23,FBI,other,Western United States,Late 2025,,,,
fbi-045-fbi-photo-b24,FBI Photo B24,FBI,other,Western United States,Late 2025,,,,
fbi-046-fbi-photo-b3,FBI Photo B3,FBI,other,Western United States,Late 2025,,,,
fbi-047-fbi-photo-b4,FBI Photo B4,FBI,other,Western United States,Late 2025,,,,
fbi-048-fbi-photo-b5,FBI Photo B5,FBI,other,Western United States,Late 2025,,,,
fbi-049-fbi-photo-b6,FBI Photo B6,FBI,other,Western United States,Late 2025,,,,
fbi-050-fbi-photo-b7,FBI Photo B7,FBI,other,Western United States,Late 2025,,,,
fbi-051-fbi-photo-b8,FBI Photo B8,FBI,other,Western United States,Late 2025,,,,
fbi-052-fbi-photo-b9,FBI Photo B9,FBI,other,Western United States,Late 2025,,,,
fbi-053-usper-statement-about-uap-sighting,USPER Statement about UAP Sighting,FBI,other,United States,Late 2025,,,,
fbi-054-fbi-september-2023-sighting-composite-sketch,FBI September 2023 Sighting - Composite Sketch,FBI,other,United States,9/1/23,,,,
fbi-055-fbi-september-2023-sighting-serial-3,FBI September 2023 Sighting - Serial 3,FBI,other,United States,9/1/23,,,,
fbi-056-fbi-september-2023-sighting-serial-4,FBI September 2023 Sighting - Serial 4,FBI,other,United States,9/1/23,,,,
fbi-057-fbi-september-2023-sighting-serial-5,FBI September 2023 Sighting - Serial 5,FBI,other,United States,9/1/23,,,,
nasa-001-255-413270-ufo-s-and-defense-what-should-we-prepare-for,255_413270_UFO's_and_Defense_What_Should_we_Prepare_For,NASA,NASA/mission-docs,N/A,,,Iran; Egypt; Pacific Ocean; Atlantic Ocean; Indian Ocean; Germany; Belgium; France,"DECLARED_NA_BUT_BODY_HAS_PLACES: Iran, Egypt, Indian Ocean, Germany, Belgium",LOW
nasa-002-nasa-uap-d3-gemini-7-transcript-1965,"NASA-UAP-D3, Gemini 7 Transcript, 1965",NASA,NASA/mission-docs,Low Earth Orbit,12/5/65,,Texas; Low Earth Orbit,,
nasa-003-nasa-uap-d3a-gemini-7-audio-excerpt-1965,"NASA-UAP-D3A, Gemini 7 Audio Excerpt, 1965",NASA,NASA/mission-docs,Low Earth Orbit,12/5/65,,Germany; Low Earth Orbit,,
nasa-004-nasa-uap-d1-apollo-12-transcript-1969,"NASA-UAP-D1, Apollo 12 Transcript, 1969",NASA,NASA/mission-docs,Moon,1969,,Moon,,
nasa-005-nasa-uap-d2-apollo-17-transcript-1972,"NASA-UAP-D2, Apollo 17 Transcript, 1972",NASA,NASA/mission-docs,Moon,1972,,Japan; Vietnam; Australia; Moon,,
nasa-006-nasa-uap-d4-apollo-11-technical-crew-debriefing-1969,"NASA-UAP-D4, Apollo 11 Technical Crew Debriefing, 1969",NASA,NASA/mission-docs,N/A,1969,,Moon,DECLARED_NA_BUT_BODY_HAS_PLACES: Moon,LOW
nasa-007-nasa-uap-d5-apollo-17-crew-debriefing-for-science-1973,"NASA-UAP-D5, Apollo 17 Crew Debriefing for Science, 1973",NASA,NASA/mission-docs,N/A,1973,,Texas; Moon,"DECLARED_NA_BUT_BODY_HAS_PLACES: Texas, Moon",LOW
nasa-008-nasa-uap-d6-apollo-17-technical-crew-debriefing-1973,"NASA-UAP-D6, Apollo 17 Technical Crew Debriefing, 1973",NASA,NASA/mission-docs,N/A,1973,,Texas; Moon,"DECLARED_NA_BUT_BODY_HAS_PLACES: Texas, Moon",LOW
nasa-009-nasa-uap-d7-skylab-techincal-crew-debriefing-1973,"NASA-UAP-D7, Skylab Techincal Crew Debriefing 1973",NASA,NASA/mission-docs,N/A,1973,,Atlantic Ocean; Texas,DECLARED_NA_BUT_BODY_HAS_PLACES: Texas,LOW
nasa-010-nasa-uap-vm1-apollo-12-1969,"NASA-UAP-VM1, Apollo 12, 1969",NASA,NASA/mission-docs,Moon,1969,,Moon,,
nasa-011-nasa-uap-vm2-apollo-12-1969,"NASA-UAP-VM2, Apollo 12, 1969",NASA,NASA/mission-docs,Moon,1969,,Moon,,
nasa-012-nasa-uap-vm3-apollo-12-1969,"NASA-UAP-VM3, Apollo 12, 1969",NASA,NASA/mission-docs,Moon,1969,,Moon,,
nasa-013-nasa-uap-vm4-apollo-12-1969,"NASA-UAP-VM4, Apollo 12, 1969",NASA,NASA/mission-docs,Moon,1969,,Moon,,
nasa-014-nasa-uap-vm5-apollo-12-1969,"NASA-UAP-VM5, Apollo 12, 1969",NASA,NASA/mission-docs,Moon,1969,,Moon,,
nasa-015-nasa-uap-vm6-apollo-17-1972,"NASA-UAP-VM6, Apollo 17, 1972",NASA,NASA/mission-docs,Moon,1972,,Moon,,
state-001-59-214434-sp-16-7-18-1963,59_214434_SP 16 [7.18.1963],State,State/cables,N/A,7/18/63,,Washington (state); Moon,"DECLARED_NA_BUT_BODY_HAS_PLACES: Washington (state), Moon",LOW
state-002-59-64634-711-5612-7-2852,59_64634_711.5612[7-2852,State,State/cables,N/A,7/18/52,,Washington (state); Moon,"DECLARED_NA_BUT_BODY_HAS_PLACES: Washington (state), Moon",LOW
state-003-state-department-uap-cable-1-papua-new-guinea-january-28-198,"State Department UAP Cable 1, Papua New Guinea, January 28, 1985",State,State/cables,Papua New Guinea,1/24/85,Papua New Guinea,Pacific Ocean; Papua New Guinea; Indo-PACOM,,
state-004-state-department-uap-cable-2-kazakhstan-january-31-1994,"State Department UAP Cable 2, Kazakhstan, January 31, 1994",State,State/cables,Kazakhstan,1/27/94,Kazakhstan,Kazakhstan; Ashgabat,,
state-005-state-department-uap-cable-3-tbilisi-georgia-october-30-2001,"State Department UAP Cable 3, Tbilisi, Georgia, October 30, 2001",State,State/cables,Georgia,10/28/2001-10/29/2001,Georgia (country),Russia; Georgia (country); Florida; New York,,
state-006-state-department-uap-cable-4-ashgabat-turkmenistan-november,"State Department UAP Cable 4, Ashgabat, Turkmenistan, November 5, 2004",State,State/cables,Turkmenistan,11/5/04,Turkmenistan; Ashgabat,Turkmenistan; Ashgabat; Texas; Florida,"TITLE_BODY_DISAGREES_WITH_DECLARED: title/body=Ashgabat, declared=Turkmenistan",HIGH
state-007-state-department-uap-cable-5-mexico-september-16-2003,"State Department UAP Cable 5, Mexico, September 16, 2003",State,State/cables,Mexico,9/12/03,Mexico,Mexico; Florida,,
